id;nome_comp;descricao_comp;data_criacao
1;Amapá;../fake-data/blob/hipster.txt;2021-05-10
2;Profit-focused;../fake-data/blob/hipster.txt;2021-05-10
3;SMTP firewall;../fake-data/blob/hipster.txt;2021-05-10
4;zero Espírito core;../fake-data/blob/hipster.txt;2021-05-11
5;parsing Gostoso Chapéu;../fake-data/blob/hipster.txt;2021-05-10
6;executive Account interface;../fake-data/blob/hipster.txt;2021-05-10
7;Berkshire attitude Supervisor;../fake-data/blob/hipster.txt;2021-05-10
8;programming;../fake-data/blob/hipster.txt;2021-05-10
9;Atum e-commerce do;../fake-data/blob/hipster.txt;2021-05-10
10;transparent;../fake-data/blob/hipster.txt;2021-05-10
